<?xml version="1.0" encoding="UTF-8"?>

<beans xmlns="http://www.springframework.org/schema/beans"
	xmlns:context="http://www.springframework.org/schema/context"
	xmlns:mvc="http://www.springframework.org/schema/mvc" 
	xmlns:xsi="http://www.w3.org/2001/XMLSchema-instance"
	xsi:schemaLocation="
        http://www.springframework.org/schema/beans     
        http://www.springframework.org/schema/beans/spring-beans-3.0.xsd
        http://www.springframework.org/schema/context 
        http://www.springframework.org/schema/context/spring-context-3.0.xsd
        http://www.springframework.org/schema/mvc
        http://www.springframework.org/schema/mvc/spring-mvc-3.0.xsd">
   
 <!--   <context:component-scan base-package="springmvc.controller" /> -->
 <context:component-scan base-package="springmvc" /> 

   <bean class="org.springframework.web.servlet.view.InternalResourceViewResolver"
         name="viewResolver">
         
         <property name="prefix" value="/WEB-INF/Views/" />
         <property name="suffix" value=".jsp"></property>
   
   </bean>
   <bean
     class="org.springframework.orm.hibernate5.HibernateTemplate"
     name="hibernateTemplate">
     <property name="sessionFactory" ref="factory"></property>
   
   
   </bean>
   
        
      
</beans>